drug,date,demand_units,inventory_units,restock_units,days_since_restock,inventory_demand_ratio,demand_mean_7d,demand_mean_30d,demand_trend_7d,demand_trend_30d,demand_volatility,inventory_change,restock_pressure,ndc_manufacturer_count,ndc_substance_count,ndc_route_count,ndc_dosage_form_count,ndc_pharm_class_count,sales_daily_mean,sales_daily_std,sales_daily_cv,sales_hourly_mean,sales_hourly_std,sales_hourly_cv,sales_weekly_mean,sales_weekly_std,sales_weekly_cv,sales_monthly_mean,sales_monthly_std,sales_monthly_cv,sales_hourly_9_mean,sales_hourly_9_std,sales_hourly_9_cv,sales_weekly_9_mean,sales_weekly_9_std,sales_weekly_9_cv,sales_monthly_9_mean,sales_monthly_9_std,sales_monthly_9_cv,scms_vendor_count,scms_manufacturing_site_count,scms_quantity_mean,scms_quantity_std,scms_freight_mean,scms_price_mean,regulatory_record_count,candidate_substitution_count,ndc_package_count
ARSENIC TRIOXIDE INJECTION,2026-02-24,1,384984,0,3,384984.0,175.42857142857142,341.7333333333333,-0.1448467966573816,-0.0341058978707367,250.66352406931944,-2.5975037988290595e-06,0.0,0.0,0.0,0.0,0.0,0.0,214.47981972232944,4.128327009293501,0.0192480906344423,185.1610671612005,1.6878129574738343,0.0091153771326847,52.81270847992674,19.958106021199328,0.3779034742822777,226.046025,81.32924446940027,0.3597906420563709,185.1610671612005,1.6878129574738343,0.0091153771326847,52.81270847992674,19.958106021199328,0.3779034742822777,226.046025,81.32924446940027,0.3597906420563709,8,88,18332.534870205345,40035.30296149489,11103.234819296547,0.6117008911274701,10456,0,0.0
AZITHROMYCIN INJECTION,2026-01-20,1,69906,0,6,69906.0,29.428571428571427,57.86666666666667,-0.1196581196581197,-0.0323299888517278,44.66097064384726,-1.4304719126889688e-05,0.0,0.0,0.0,0.0,0.0,0.0,214.47981972232944,4.128327009293501,0.0192480906344423,185.1610671612005,1.6878129574738343,0.0091153771326847,52.81270847992674,19.958106021199328,0.3779034742822777,226.046025,81.32924446940027,0.3597906420563709,185.1610671612005,1.6878129574738343,0.0091153771326847,52.81270847992674,19.958106021199328,0.3779034742822777,226.046025,81.32924446940027,0.3597906420563709,8,88,18332.534870205345,40035.30296149489,11103.234819296547,0.6117008911274701,10456,0,0.0
BELLADONNA AND OPIUM SUPPOSITORY,2026-07-23,1,541645,0,4,541645.0,221.57142857142856,471.1333333333333,-0.1301177790241166,-0.0358141755917865,341.4188178694938,-1.84622428667236e-06,0.0,0.0,0.0,0.0,0.0,0.0,214.47981972232944,4.128327009293501,0.0192480906344423,185.1610671612005,1.6878129574738343,0.0091153771326847,52.81270847992674,19.958106021199328,0.3779034742822777,226.046025,81.32924446940027,0.3597906420563709,185.1610671612005,1.6878129574738343,0.0091153771326847,52.81270847992674,19.958106021199328,0.3779034742822777,226.046025,81.32924446940027,0.3597906420563709,8,88,18332.534870205345,40035.30296149489,11103.234819296547,0.6117008911274701,10456,0,0.0
BUPIVACAINE HYDROCHLORIDE INJECTION,2026-05-05,730,400371,0,8,548.4534246575342,375.0,323.7,0.0491606714628296,0.0473468507333907,174.81737268676653,-0.0018199904762141,0.0,0.0,0.0,0.0,0.0,0.0,214.47981972232944,4.128327009293501,0.0192480906344423,185.1610671612005,1.6878129574738343,0.0091153771326847,52.81270847992674,19.958106021199328,0.3779034742822777,226.046025,81.32924446940027,0.3597906420563709,185.1610671612005,1.6878129574738343,0.0091153771326847,52.81270847992674,19.958106021199328,0.3779034742822777,226.046025,81.32924446940027,0.3597906420563709,8,88,18332.534870205345,40035.30296149489,11103.234819296547,0.6117008911274701,10456,0,0.0
CARBOPLATIN INJECTION,2026-06-01,1,121114,0,6,121114.0,50.285714285714285,105.33333333333331,-0.1200000000000001,-0.0321592649310873,74.94381036912651,-8.256615613211338e-06,0.0,0.0,0.0,0.0,0.0,0.0,214.47981972232944,4.128327009293501,0.0192480906344423,185.1610671612005,1.6878129574738343,0.0091153771326847,52.81270847992674,19.958106021199328,0.3779034742822777,226.046025,81.32924446940027,0.3597906420563709,185.1610671612005,1.6878129574738343,0.0091153771326847,52.81270847992674,19.958106021199328,0.3779034742822777,226.046025,81.32924446940027,0.3597906420563709,8,88,18332.534870205345,40035.30296149489,11103.234819296547,0.6117008911274701,10456,1,0.0
CEFEPIME HYDROCHLORIDE INJECTION,2026-02-10,739,605159,0,3,818.8890392422193,579.4285714285714,600.7,0.0012342631449027,0.0173883588324961,228.8768905645175,-0.0012196772394033,0.0,0.0,0.0,0.0,0.0,0.0,214.47981972232944,4.128327009293501,0.0192480906344423,185.1610671612005,1.6878129574738343,0.0091153771326847,52.81270847992674,19.958106021199328,0.3779034742822777,226.046025,81.32924446940027,0.3597906420563709,185.1610671612005,1.6878129574738343,0.0091153771326847,52.81270847992674,19.958106021199328,0.3779034742822777,226.046025,81.32924446940027,0.3597906420563709,8,88,18332.534870205345,40035.30296149489,11103.234819296547,0.6117008911274701,10456,0,0.0
CHLOROTHIAZIDE ORAL SUSPENSION,2026-02-10,14,113954,0,6,8139.571428571428,74.0,77.43333333333334,0.0216962524654831,-0.026404023470243,40.74113682612502,-0.0001228414993682,0.0,0.0,0.0,0.0,0.0,0.0,214.47981972232944,4.128327009293501,0.0192480906344423,185.1610671612005,1.6878129574738343,0.0091153771326847,52.81270847992674,19.958106021199328,0.3779034742822777,226.046025,81.32924446940027,0.3597906420563709,185.1610671612005,1.6878129574738343,0.0091153771326847,52.81270847992674,19.958106021199328,0.3779034742822777,226.046025,81.32924446940027,0.3597906420563709,8,88,18332.534870205345,40035.30296149489,11103.234819296547,0.6117008911274701,10456,1,0.0
CLINDAMYCIN HYDROCHLORIDE CAPSULE,2026-02-25,22,473124,0,5,21505.636363636364,377.1428571428572,422.23333333333335,-0.265033407572383,-0.041975495386477,227.29195615624732,-4.649727568240003e-05,0.0,0.0,0.0,0.0,0.0,0.0,214.47981972232944,4.128327009293501,0.0192480906344423,185.1610671612005,1.6878129574738343,0.0091153771326847,52.81270847992674,19.958106021199328,0.3779034742822777,226.046025,81.32924446940027,0.3597906420563709,185.1610671612005,1.6878129574738343,0.0091153771326847,52.81270847992674,19.958106021199328,0.3779034742822777,226.046025,81.32924446940027,0.3597906420563709,8,88,18332.534870205345,40035.30296149489,11103.234819296547,0.6117008911274701,10456,0,0.0
CLINDAMYCIN PALMITATE HYDROCHLORIDE INJECTION,2026-03-26,1,449872,0,9,449872.0,168.0,354.96666666666664,-0.1378299120234604,-0.036289592760181,246.7067899955012,-2.222849559752049e-06,0.0,0.0,0.0,0.0,0.0,0.0,214.47981972232944,4.128327009293501,0.0192480906344423,185.1610671612005,1.6878129574738343,0.0091153771326847,52.81270847992674,19.958106021199328,0.3779034742822777,226.046025,81.32924446940027,0.3597906420563709,185.1610671612005,1.6878129574738343,0.0091153771326847,52.81270847992674,19.958106021199328,0.3779034742822777,226.046025,81.32924446940027,0.3597906420563709,8,88,18332.534870205345,40035.30296149489,11103.234819296547,0.6117008911274701,10456,0,0.0
CONIVAPTAN HYDROCHLORIDE INJECTION,2022-03-14,147,371663,0,3,2528.3197278911566,415.57142857142856,325.3,-0.0178933153274815,-0.0306912991656734,177.7478163210348,-0.0003953632231515,0.0,0.0,0.0,0.0,0.0,0.0,214.47981972232944,4.128327009293501,0.0192480906344423,185.1610671612005,1.6878129574738343,0.0091153771326847,52.81270847992674,19.958106021199328,0.3779034742822777,226.046025,81.32924446940027,0.3597906420563709,185.1610671612005,1.6878129574738343,0.0091153771326847,52.81270847992674,19.958106021199328,0.3779034742822777,226.046025,81.32924446940027,0.3597906420563709,8,88,18332.534870205345,40035.30296149489,11103.234819296547,0.6117008911274701,10456,0,0.0
DACOMITINIB TABLET,2026-06-08,72,215205,0,6,2988.958333333333,214.0,175.23333333333332,-0.0266406757634828,-0.036650174088327,85.43425919195475,-0.0003344528212488,0.0,0.0,0.0,0.0,0.0,0.0,214.47981972232944,4.128327009293501,0.0192480906344423,185.1610671612005,1.6878129574738343,0.0091153771326847,52.81270847992674,19.958106021199328,0.3779034742822777,226.046025,81.32924446940027,0.3597906420563709,185.1610671612005,1.6878129574738343,0.0091153771326847,52.81270847992674,19.958106021199328,0.3779034742822777,226.046025,81.32924446940027,0.3597906420563709,8,88,18332.534870205345,40035.30296149489,11103.234819296547,0.6117008911274701,10456,0,0.0
DECITABINE INJECTION,2026-02-20,151,488360,4180,0,3234.172185430464,215.0,355.56666666666666,-0.434847915884341,-0.0061492592937668,478.9630813886741,0.0083186911430406,27.68211920529801,0.0,0.0,0.0,0.0,0.0,214.47981972232944,4.128327009293501,0.0192480906344423,185.1610671612005,1.6878129574738343,0.0091153771326847,52.81270847992674,19.958106021199328,0.3779034742822777,226.046025,81.32924446940027,0.3597906420563709,185.1610671612005,1.6878129574738343,0.0091153771326847,52.81270847992674,19.958106021199328,0.3779034742822777,226.046025,81.32924446940027,0.3597906420563709,8,88,18332.534870205345,40035.30296149489,11103.234819296547,0.6117008911274701,10456,2,0.0
DILTIAZEM HYDROCHLORIDE INJECTION,2026-01-05,11,179275,2432,0,16297.727272727272,141.42857142857142,165.06666666666666,-0.2511346444780636,-0.0384466019417475,82.53648444395857,0.0136892578058738,221.0909090909091,0.0,0.0,0.0,0.0,0.0,214.47981972232944,4.128327009293501,0.0192480906344423,185.1610671612005,1.6878129574738343,0.0091153771326847,52.81270847992674,19.958106021199328,0.3779034742822777,226.046025,81.32924446940027,0.3597906420563709,185.1610671612005,1.6878129574738343,0.0091153771326847,52.81270847992674,19.958106021199328,0.3779034742822777,226.046025,81.32924446940027,0.3597906420563709,8,88,18332.534870205345,40035.30296149489,11103.234819296547,0.6117008911274701,10456,0,0.0
DOCETAXEL INJECTION,2026-02-20,631,197938,0,5,313.689381933439,125.0,143.2,-0.303898170246619,0.1718494271685759,273.0404037298612,-0.0031777367061324,0.0,0.0,0.0,0.0,0.0,0.0,214.47981972232944,4.128327009293501,0.0192480906344423,185.1610671612005,1.6878129574738343,0.0091153771326847,52.81270847992674,19.958106021199328,0.3779034742822777,226.046025,81.32924446940027,0.3597906420563709,185.1610671612005,1.6878129574738343,0.0091153771326847,52.81270847992674,19.958106021199328,0.3779034742822777,226.046025,81.32924446940027,0.3597906420563709,8,88,18332.534870205345,40035.30296149489,11103.234819296547,0.6117008911274701,10456,0,0.0
DOXYCYCLINE HYCLATE TABLET,2026-01-12,58,506869,0,8,8739.120689655172,323.2857142857143,336.8333333333333,0.0212093862815885,-0.0272429726607624,181.76132196075048,-0.0001144148960303,0.0,0.0,0.0,0.0,0.0,0.0,214.47981972232944,4.128327009293501,0.0192480906344423,185.1610671612005,1.6878129574738343,0.0091153771326847,52.81270847992674,19.958106021199328,0.3779034742822777,226.046025,81.32924446940027,0.3597906420563709,185.1610671612005,1.6878129574738343,0.0091153771326847,52.81270847992674,19.958106021199328,0.3779034742822777,226.046025,81.32924446940027,0.3597906420563709,8,88,18332.534870205345,40035.30296149489,11103.234819296547,0.6117008911274701,10456,0,0.0
"FLUVASTATIN SODIUM TABLET, EXTENDED RELEASE",2026-01-27,8,140499,0,2,17562.375,106.85714285714286,129.03333333333333,-0.2765957446808511,-0.0425426663368786,65.38400275367026,-5.693666507722295e-05,0.0,0.0,0.0,0.0,0.0,0.0,214.47981972232944,4.128327009293501,0.0192480906344423,185.1610671612005,1.6878129574738343,0.0091153771326847,52.81270847992674,19.958106021199328,0.3779034742822777,226.046025,81.32924446940027,0.3597906420563709,185.1610671612005,1.6878129574738343,0.0091153771326847,52.81270847992674,19.958106021199328,0.3779034742822777,226.046025,81.32924446940027,0.3597906420563709,8,88,18332.534870205345,40035.30296149489,11103.234819296547,0.6117008911274701,10456,0,0.0
FUROSEMIDE ORAL SOLUTION,2026-03-31,24,66231,636,0,2759.625,62.71428571428572,51.53333333333333,-0.0200892857142857,-0.0331457160725453,26.162269928583992,0.0093265670004114,26.5,0.0,0.0,0.0,0.0,0.0,214.47981972232944,4.128327009293501,0.0192480906344423,185.1610671612005,1.6878129574738343,0.0091153771326847,52.81270847992674,19.958106021199328,0.3779034742822777,226.046025,81.32924446940027,0.3597906420563709,185.1610671612005,1.6878129574738343,0.0091153771326847,52.81270847992674,19.958106021199328,0.3779034742822777,226.046025,81.32924446940027,0.3597906420563709,8,88,18332.534870205345,40035.30296149489,11103.234819296547,0.6117008911274701,10456,1,0.0
HYDROMORPHONE HYDROCHLORIDE SUPPOSITORY,2026-07-23,774,292195,0,6,377.5129198966408,164.85714285714286,221.4333333333333,-0.4911816578483244,0.1316865417376491,446.0965322572617,-0.0026419177455635,0.0,0.0,0.0,0.0,0.0,0.0,214.47981972232944,4.128327009293501,0.0192480906344423,185.1610671612005,1.6878129574738343,0.0091153771326847,52.81270847992674,19.958106021199328,0.3779034742822777,226.046025,81.32924446940027,0.3597906420563709,185.1610671612005,1.6878129574738343,0.0091153771326847,52.81270847992674,19.958106021199328,0.3779034742822777,226.046025,81.32924446940027,0.3597906420563709,8,88,18332.534870205345,40035.30296149489,11103.234819296547,0.6117008911274701,10456,0,0.0
IDELALISIB TABLET,2026-04-07,31,329442,0,3,10627.16129032258,204.28571428571428,211.66666666666663,0.0163468372423596,-0.0233774223315902,114.10259549567884,-9.408965226287425e-05,0.0,0.0,0.0,0.0,0.0,0.0,214.47981972232944,4.128327009293501,0.0192480906344423,185.1610671612005,1.6878129574738343,0.0091153771326847,52.81270847992674,19.958106021199328,0.3779034742822777,226.046025,81.32924446940027,0.3597906420563709,185.1610671612005,1.6878129574738343,0.0091153771326847,52.81270847992674,19.958106021199328,0.3779034742822777,226.046025,81.32924446940027,0.3597906420563709,8,88,18332.534870205345,40035.30296149489,11103.234819296547,0.6117008911274701,10456,3,0.0
IMIPENEM AND CILASTATIN INJECTION,2026-01-08,172,490014,0,5,2848.9186046511627,511.2857142857143,399.1666666666667,-0.0181069958847736,-0.0366824873300619,224.4011314946781,-0.0003508872142411,0.0,0.0,0.0,0.0,0.0,0.0,214.47981972232944,4.128327009293501,0.0192480906344423,185.1610671612005,1.6878129574738343,0.0091153771326847,52.81270847992674,19.958106021199328,0.3779034742822777,226.046025,81.32924446940027,0.3597906420563709,185.1610671612005,1.6878129574738343,0.0091153771326847,52.81270847992674,19.958106021199328,0.3779034742822777,226.046025,81.32924446940027,0.3597906420563709,8,88,18332.534870205345,40035.30296149489,11103.234819296547,0.6117008911274701,10456,0,0.0
IVABRADINE HYDROCHLORIDE TABLET,2026-03-24,586,447774,0,3,764.1194539249146,430.8571428571428,451.26666666666665,0.0003316749585404,0.0208883191312871,178.2412029716515,-0.001306985458114,0.0,0.0,0.0,0.0,0.0,0.0,214.47981972232944,4.128327009293501,0.0192480906344423,185.1610671612005,1.6878129574738343,0.0091153771326847,52.81270847992674,19.958106021199328,0.3779034742822777,226.046025,81.32924446940027,0.3597906420563709,185.1610671612005,1.6878129574738343,0.0091153771326847,52.81270847992674,19.958106021199328,0.3779034742822777,226.046025,81.32924446940027,0.3597906420563709,8,88,18332.534870205345,40035.30296149489,11103.234819296547,0.6117008911274701,10456,0,0.0
IVABRADINE SOLUTION,2026-03-24,295,146838,0,5,497.7559322033898,139.14285714285714,112.26666666666668,0.1273148148148146,0.0641390205371248,60.844025198033066,-0.0020049886837079,0.0,0.0,0.0,0.0,0.0,0.0,214.47981972232944,4.128327009293501,0.0192480906344423,185.1610671612005,1.6878129574738343,0.0091153771326847,52.81270847992674,19.958106021199328,0.3779034742822777,226.046025,81.32924446940027,0.3597906420563709,185.1610671612005,1.6878129574738343,0.0091153771326847,52.81270847992674,19.958106021199328,0.3779034742822777,226.046025,81.32924446940027,0.3597906420563709,8,88,18332.534870205345,40035.30296149489,11103.234819296547,0.6117008911274701,10456,0,0.0
KETOROLAC TROMETHAMINE INJECTION,2018-06-06,9,173859,0,7,19317.666666666668,125.71428571428572,150.46666666666667,-0.2387543252595155,-0.0395744680851063,74.38285552062581,-5.176340672230495e-05,0.0,0.0,0.0,0.0,0.0,0.0,214.47981972232944,4.128327009293501,0.0192480906344423,185.1610671612005,1.6878129574738343,0.0091153771326847,52.81270847992674,19.958106021199328,0.3779034742822777,226.046025,81.32924446940027,0.3597906420563709,185.1610671612005,1.6878129574738343,0.0091153771326847,52.81270847992674,19.958106021199328,0.3779034742822777,226.046025,81.32924446940027,0.3597906420563709,8,88,18332.534870205345,40035.30296149489,11103.234819296547,0.6117008911274701,10456,0,0.0
KETOROLAC TROMETHAMINE TABLET,2026-04-20,687,404343,0,3,588.5633187772926,341.0,300.5,0.0387293298520452,0.0499650593990217,160.9210022511576,-0.0016961706540256,0.0,0.0,0.0,0.0,0.0,0.0,214.47981972232944,4.128327009293501,0.0192480906344423,185.1610671612005,1.6878129574738343,0.0091153771326847,52.81270847992674,19.958106021199328,0.3779034742822777,226.046025,81.32924446940027,0.3597906420563709,185.1610671612005,1.6878129574738343,0.0091153771326847,52.81270847992674,19.958106021199328,0.3779034742822777,226.046025,81.32924446940027,0.3597906420563709,8,88,18332.534870205345,40035.30296149489,11103.234819296547,0.6117008911274701,10456,0,0.0
LORLATINIB TABLET,2026-06-15,12,105048,0,4,8754.0,63.85714285714285,68.2,0.0205479452054795,-0.0261780104712041,36.526230536990816,-0.0001142204454597,0.0,0.0,0.0,0.0,0.0,0.0,214.47981972232944,4.128327009293501,0.0192480906344423,185.1610671612005,1.6878129574738343,0.0091153771326847,52.81270847992674,19.958106021199328,0.3779034742822777,226.046025,81.32924446940027,0.3597906420563709,185.1610671612005,1.6878129574738343,0.0091153771326847,52.81270847992674,19.958106021199328,0.3779034742822777,226.046025,81.32924446940027,0.3597906420563709,8,88,18332.534870205345,40035.30296149489,11103.234819296547,0.6117008911274701,10456,3,0.0
MEPERIDINE HYDROCHLORIDE INJECTION,2025-05-30,28,95112,0,8,3396.8571428571427,46.71428571428572,67.23333333333333,-0.4,-0.0127263827704355,85.5149445835433,-0.0002943031322262,0.0,0.0,0.0,0.0,0.0,0.0,214.47981972232944,4.128327009293501,0.0192480906344423,185.1610671612005,1.6878129574738343,0.0091153771326847,52.81270847992674,19.958106021199328,0.3779034742822777,226.046025,81.32924446940027,0.3597906420563709,185.1610671612005,1.6878129574738343,0.0091153771326847,52.81270847992674,19.958106021199328,0.3779034742822777,226.046025,81.32924446940027,0.3597906420563709,8,88,18332.534870205345,40035.30296149489,11103.234819296547,0.6117008911274701,10456,0,0.0
METRONIDAZOLE INJECTION,2022-01-13,696,329527,0,12,473.4583333333333,323.57142857142856,266.1,0.1313686313686313,0.0688177801579863,152.84708382721158,-0.0021076666373934,0.0,0.0,0.0,0.0,0.0,0.0,214.47981972232944,4.128327009293501,0.0192480906344423,185.1610671612005,1.6878129574738343,0.0091153771326847,52.81270847992674,19.958106021199328,0.3779034742822777,226.046025,81.32924446940027,0.3597906420563709,185.1610671612005,1.6878129574738343,0.0091153771326847,52.81270847992674,19.958106021199328,0.3779034742822777,226.046025,81.32924446940027,0.3597906420563709,8,88,18332.534870205345,40035.30296149489,11103.234819296547,0.6117008911274701,10456,0,0.0
MORPHINE SULFATE SUPPOSITORY,2026-07-23,70,248808,0,8,3554.4,95.14285714285714,165.56666666666666,-0.446843853820598,-0.0065999999999999,239.87779695349988,-0.0002812623052258,0.0,0.0,0.0,0.0,0.0,0.0,214.47981972232944,4.128327009293501,0.0192480906344423,185.1610671612005,1.6878129574738343,0.0091153771326847,52.81270847992674,19.958106021199328,0.3779034742822777,226.046025,81.32924446940027,0.3597906420563709,185.1610671612005,1.6878129574738343,0.0091153771326847,52.81270847992674,19.958106021199328,0.3779034742822777,226.046025,81.32924446940027,0.3597906420563709,8,88,18332.534870205345,40035.30296149489,11103.234819296547,0.6117008911274701,10456,0,0.0
NEBIVOLOL HYDROCHLORIDE TABLET,2026-03-25,148,519266,7735,0,3508.554054054054,242.57142857142856,379.23333333333335,-0.425575101488498,-0.0075023990229433,514.5601860399547,0.0148276556200273,52.26351351351352,0.0,0.0,0.0,0.0,0.0,214.47981972232944,4.128327009293501,0.0192480906344423,185.1610671612005,1.6878129574738343,0.0091153771326847,52.81270847992674,19.958106021199328,0.3779034742822777,226.046025,81.32924446940027,0.3597906420563709,185.1610671612005,1.6878129574738343,0.0091153771326847,52.81270847992674,19.958106021199328,0.3779034742822777,226.046025,81.32924446940027,0.3597906420563709,8,88,18332.534870205345,40035.30296149489,11103.234819296547,0.6117008911274701,10456,0,0.0
NEOSTIGMINE METHYLSULFATE INJECTION,2026-01-12,292,230306,0,3,788.7191780821918,246.8571428571429,250.56666666666663,-0.018181818181818,0.018839793982109,100.1032857407384,-0.0012662729078309,0.0,0.0,0.0,0.0,0.0,0.0,214.47981972232944,4.128327009293501,0.0192480906344423,185.1610671612005,1.6878129574738343,0.0091153771326847,52.81270847992674,19.958106021199328,0.3779034742822777,226.046025,81.32924446940027,0.3597906420563709,185.1610671612005,1.6878129574738343,0.0091153771326847,52.81270847992674,19.958106021199328,0.3779034742822777,226.046025,81.32924446940027,0.3597906420563709,8,88,18332.534870205345,40035.30296149489,11103.234819296547,0.6117008911274701,10456,0,0.0
NITROGLYCERIN OINTMENT,2026-04-14,324,283115,3416,0,873.8117283950618,277.0,301.1666666666667,-0.0353233830845771,0.0148264629900034,120.68656564189963,0.0110419501255254,10.54320987654321,0.0,0.0,0.0,0.0,0.0,214.47981972232944,4.128327009293501,0.0192480906344423,185.1610671612005,1.6878129574738343,0.0091153771326847,52.81270847992674,19.958106021199328,0.3779034742822777,226.046025,81.32924446940027,0.3597906420563709,185.1610671612005,1.6878129574738343,0.0091153771326847,52.81270847992674,19.958106021199328,0.3779034742822777,226.046025,81.32924446940027,0.3597906420563709,8,88,18332.534870205345,40035.30296149489,11103.234819296547,0.6117008911274701,10456,0,0.0
PALBOCICLIB CAPSULE,2026-04-22,512,182555,1650,0,356.552734375,109.0,136.83333333333334,-0.4193302891933029,0.1421814134668892,269.70291233047504,0.0062728410237189,3.22265625,0.0,0.0,0.0,0.0,0.0,214.47981972232944,4.128327009293501,0.0192480906344423,185.1610671612005,1.6878129574738343,0.0091153771326847,52.81270847992674,19.958106021199328,0.3779034742822777,226.046025,81.32924446940027,0.3597906420563709,185.1610671612005,1.6878129574738343,0.0091153771326847,52.81270847992674,19.958106021199328,0.3779034742822777,226.046025,81.32924446940027,0.3597906420563709,8,88,18332.534870205345,40035.30296149489,11103.234819296547,0.6117008911274701,10456,3,0.0
PENTAMIDINE ISETHIONATE INJECTION,2026-03-23,15,159765,0,5,10651.0,95.57142857142856,102.63333333333334,0.0182648401826484,-0.0268647281921617,54.276103418529246,-9.387908374014486e-05,0.0,0.0,0.0,0.0,0.0,0.0,214.47981972232944,4.128327009293501,0.0192480906344423,185.1610671612005,1.6878129574738343,0.0091153771326847,52.81270847992674,19.958106021199328,0.3779034742822777,226.046025,81.32924446940027,0.3597906420563709,185.1610671612005,1.6878129574738343,0.0091153771326847,52.81270847992674,19.958106021199328,0.3779034742822777,226.046025,81.32924446940027,0.3597906420563709,8,88,18332.534870205345,40035.30296149489,11103.234819296547,0.6117008911274701,10456,0,0.0
PINDOLOL TABLET,2026-01-30,159,402022,0,8,2528.440251572328,446.4285714285714,347.76666666666665,-0.0129500947567908,-0.0336235642830679,187.2817687858063,-0.0003953443847422,0.0,0.0,0.0,0.0,0.0,0.0,214.47981972232944,4.128327009293501,0.0192480906344423,185.1610671612005,1.6878129574738343,0.0091153771326847,52.81270847992674,19.958106021199328,0.3779034742822777,226.046025,81.32924446940027,0.3597906420563709,185.1610671612005,1.6878129574738343,0.0091153771326847,52.81270847992674,19.958106021199328,0.3779034742822777,226.046025,81.32924446940027,0.3597906420563709,8,88,18332.534870205345,40035.30296149489,11103.234819296547,0.6117008911274701,10456,0,0.0
PIPERACILLIN AND TAZOBACTAM INJECTION,2026-01-20,50,187250,0,8,3745.0,78.0,129.23333333333332,-0.4518072289156626,-0.0094532447623915,172.59234076851138,-0.0002669514148424,0.0,0.0,0.0,0.0,0.0,0.0,214.47981972232944,4.128327009293501,0.0192480906344423,185.1610671612005,1.6878129574738343,0.0091153771326847,52.81270847992674,19.958106021199328,0.3779034742822777,226.046025,81.32924446940027,0.3597906420563709,185.1610671612005,1.6878129574738343,0.0091153771326847,52.81270847992674,19.958106021199328,0.3779034742822777,226.046025,81.32924446940027,0.3597906420563709,8,88,18332.534870205345,40035.30296149489,11103.234819296547,0.6117008911274701,10456,0,0.0
QUINAPRIL/HYDROCHLOROTHIAZIDE TABLET,2023-01-19,359,126093,0,3,351.2339832869081,81.0,101.13333333333334,-0.3671875,0.133781763826607,192.95054455398207,-0.0028390219213614,0.0,0.0,0.0,0.0,0.0,0.0,214.47981972232944,4.128327009293501,0.0192480906344423,185.1610671612005,1.6878129574738343,0.0091153771326847,52.81270847992674,19.958106021199328,0.3779034742822777,226.046025,81.32924446940027,0.3597906420563709,185.1610671612005,1.6878129574738343,0.0091153771326847,52.81270847992674,19.958106021199328,0.3779034742822777,226.046025,81.32924446940027,0.3597906420563709,8,88,18332.534870205345,40035.30296149489,11103.234819296547,0.6117008911274701,10456,1,0.0
REMIFENTANIL HYDROCHLORIDE INJECTION,2022-06-28,82,73703,0,2,898.8170731707318,68.71428571428571,76.36666666666666,-0.0568627450980393,0.0096959012780959,30.824848164554066,-0.0011113369926136,0.0,0.0,0.0,0.0,0.0,0.0,214.47981972232944,4.128327009293501,0.0192480906344423,185.1610671612005,1.6878129574738343,0.0091153771326847,52.81270847992674,19.958106021199328,0.3779034742822777,226.046025,81.32924446940027,0.3597906420563709,185.1610671612005,1.6878129574738343,0.0091153771326847,52.81270847992674,19.958106021199328,0.3779034742822777,226.046025,81.32924446940027,0.3597906420563709,8,88,18332.534870205345,40035.30296149489,11103.234819296547,0.6117008911274701,10456,0,0.0
"RIFAPENTINE TABLET, FILM COATED",2020-03-25,922,382052,3608,0,414.3731019522776,203.57142857142856,287.8666666666667,-0.4133388225607245,0.1193778353856123,554.709786398651,0.0070802338638675,3.9132321041214753,0.0,0.0,0.0,0.0,0.0,214.47981972232944,4.128327009293501,0.0192480906344423,185.1610671612005,1.6878129574738343,0.0091153771326847,52.81270847992674,19.958106021199328,0.3779034742822777,226.046025,81.32924446940027,0.3597906420563709,185.1610671612005,1.6878129574738343,0.0091153771326847,52.81270847992674,19.958106021199328,0.3779034742822777,226.046025,81.32924446940027,0.3597906420563709,8,88,18332.534870205345,40035.30296149489,11103.234819296547,0.6117008911274701,10456,0,0.0
"STREPTOZOCIN POWDER, FOR SOLUTION",2022-07-12,267,148918,0,10,557.7453183520599,128.85714285714286,110.13333333333334,0.0946601941747573,0.0545802744972869,59.4960058545409,-0.0017897241679794,0.0,0.0,0.0,0.0,0.0,0.0,214.47981972232944,4.128327009293501,0.0192480906344423,185.1610671612005,1.6878129574738343,0.0091153771326847,52.81270847992674,19.958106021199328,0.3779034742822777,226.046025,81.32924446940027,0.3597906420563709,185.1610671612005,1.6878129574738343,0.0091153771326847,52.81270847992674,19.958106021199328,0.3779034742822777,226.046025,81.32924446940027,0.3597906420563709,8,88,18332.534870205345,40035.30296149489,11103.234819296547,0.6117008911274701,10456,0,0.0
TAZEMETOSTAT HYDROBROMIDE TABLET,2026-03-27,23,449651,6660,0,19550.043478260868,356.1428571428572,402.56666666666666,-0.2493224932249322,-0.0432543769309989,207.34357349882924,0.0149814678542889,289.5652173913044,0.0,0.0,0.0,0.0,0.0,214.47981972232944,4.128327009293501,0.0192480906344423,185.1610671612005,1.6878129574738343,0.0091153771326847,52.81270847992674,19.958106021199328,0.3779034742822777,226.046025,81.32924446940027,0.3597906420563709,185.1610671612005,1.6878129574738343,0.0091153771326847,52.81270847992674,19.958106021199328,0.3779034742822777,226.046025,81.32924446940027,0.3597906420563709,8,88,18332.534870205345,40035.30296149489,11103.234819296547,0.6117008911274701,10456,0,0.0
